{
    "extends": ["tslint:recommended", "tslint-react", "tslint-config-prettier"],
    "linterOptions": {
        "exclude": [
            "config/**/*.js",
            "node_modules/**/*.ts",
            "coverage/lcov-report/*.js"
        ]
    },
    "rules": {
        "ordered-imports": false,
        "jsx-boolean-value": false,
        "interface-name": false,
        "jsx-no-lambda": false,
        "no-console": false,
        "object-literal-sort-keys": false,
        "member-ordering": false
    }
}
